{
  "rows": 65897,
  "ham": 42046,
  "spam": 23851,
  "num_buckets": 1048576,
  "threshold": 0.8223,
  "roc_auc": 0.9937,
  "confusion_matrix": [
    [
      8326,
      84
    ],
    [
      306,
      4464
    ]
  ],
  "report": {
    "ham": {
      "precision": 0.9645505097312326,
      "recall": 0.9900118906064209,
      "f1-score": 0.9771153620467081,
      "support": 8410.0
    },
    "spam": {
      "precision": 0.9815303430079155,
      "recall": 0.9358490566037736,
      "f1-score": 0.9581455247907277,
      "support": 4770.0
    },
    "accuracy": 0.9704097116843703,
    "macro avg": {
      "precision": 0.973040426369574,
      "recall": 0.9629304736050972,
      "f1-score": 0.967630443418718,
      "support": 13180.0
    },
    "weighted avg": {
      "precision": 0.970695714945935,
      "recall": 0.9704097116843703,
      "f1-score": 0.970249950536008,
      "support": 13180.0
    }
  }
}